original_package_relative_path,archive_path,archive_member,size_bytes,sha256,decode_status,decoded_relative_path,notes
model_setup/bethesda_slate/rf8904e/plt.slect2.Z.z,data/legacy_encoded_originals/legacy_encoded_originals_20260516.zip,model_setup/bethesda_slate/rf8904e/plt.slect2.Z.z,142500,932d658294cceeb939bf1c0b9f217988c05d3e61044b66fcaf740536b806a470,failed,,stage 1 unix_pack_static_huffman: failed: too many leaves in pack Huffman tree
code/legacy/model_setup/bethesda_slate/rf8904e/plt.vcr8904.Z,data/legacy_encoded_originals/legacy_encoded_originals_20260516.zip,code/legacy/model_setup/bethesda_slate/rf8904e/plt.vcr8904.Z,477017,8aba54d6303923aaa4c01903877a3e77e49fda89f70b74ef5b111f2e147651f4,partial,data/decoded_model_outputs/rf8904e/plt.vcr8904,stage 1 unix_compress_lzw: partial: compress invalid code 446 with table end 354
model_setup/bethesda_slate/rf8904e/plt.wis.8904.Z,data/legacy_encoded_originals/legacy_encoded_originals_20260516.zip,model_setup/bethesda_slate/rf8904e/plt.wis.8904.Z,273761,686d2da2f88b6877dc45c3d40d36699da06fa41837cde934a4bad746d14b3e45,partial,data/decoded_model_outputs/rf8904e/plt.wis.8904,stage 1 unix_compress_lzw: partial: compress invalid code 437 with table end 362
model_setup/bethesda_slate/rf8904e/rep.521dd.Z,data/legacy_encoded_originals/legacy_encoded_originals_20260516.zip,model_setup/bethesda_slate/rf8904e/rep.521dd.Z,8725,2a85d0977005fe76d282b869fb60919ba60a3e9446efc00847195012ca3a66e5,partial,data/decoded_model_outputs/rf8904e/rep.521dd,stage 1 unix_compress_lzw: partial: compress invalid code 1731 with table end 1105
model_setup/bethesda_slate/rf8904e/rep.611.Z,data/legacy_encoded_originals/legacy_encoded_originals_20260516.zip,model_setup/bethesda_slate/rf8904e/rep.611.Z,101073,630b6bc2dd50f14b566da278b02a0d38bf99bac8a3ecf479faa59031f67491ad,partial,data/decoded_model_outputs/rf8904e/rep.611,stage 1 unix_compress_lzw: partial: compress invalid code 845 with table end 688
model_setup/bethesda_slate/rf8904e/rep.PAzone.Z,data/legacy_encoded_originals/legacy_encoded_originals_20260516.zip,model_setup/bethesda_slate/rf8904e/rep.PAzone.Z,681,554152365f264803d43b159b612d9ab75e18349d6a50dacd6647ac8bc80c375e,partial,data/decoded_model_outputs/rf8904e/rep.PAzone,stage 1 unix_compress_lzw: partial: compress invalid code 882 with table end 696
model_setup/bethesda_slate/rf8904e/rep.critical.Z,data/legacy_encoded_originals/legacy_encoded_originals_20260516.zip,model_setup/bethesda_slate/rf8904e/rep.critical.Z,5511,25d9010137356c48aea97bb3fa465c9b3af6257988db984b739c98dfef7598ef,partial,data/decoded_model_outputs/rf8904e/rep.critical,stage 1 unix_compress_lzw: partial: compress invalid code 1449 with table end 1039
model_setup/bethesda_slate/rf8904e/rep.sigstat.Z,data/legacy_encoded_originals/legacy_encoded_originals_20260516.zip,model_setup/bethesda_slate/rf8904e/rep.sigstat.Z,68523,cb1e2cfd257bc84ff52f4b65e9418cb9118cdf64bbd80bd52ffd3baab2118813,partial,data/decoded_model_outputs/rf8904e/rep.sigstat,stage 1 unix_compress_lzw: partial: compress invalid code 323 with table end 321
model_setup/bethesda_slate/rf8904e/rep.sumtime1.Z,data/legacy_encoded_originals/legacy_encoded_originals_20260516.zip,model_setup/bethesda_slate/rf8904e/rep.sumtime1.Z,653,67c8737e5699b325cbbc653c035b7e53938462fe4ce4bcc751e220015f418734,complete,data/decoded_model_outputs/rf8904e/rep.sumtime1,stage 1 unix_compress_lzw: complete: compress stream reached clean input exhaustion; no original length field exists | stage 2 unknown: terminal_plain_or_unknown: no further pack/compress magic detected
model_setup/bethesda_slate/rf8904e/rep.turnpen.Z,data/legacy_encoded_originals/legacy_encoded_originals_20260516.zip,model_setup/bethesda_slate/rf8904e/rep.turnpen.Z,275,424ef13a7674ed86e2b48d2752faaccd4ab3421ff971eaab4491dd949677ab13,complete,data/decoded_model_outputs/rf8904e/rep.turnpen,stage 1 unix_compress_lzw: complete: compress stream reached clean input exhaustion; no original length field exists | stage 2 unknown: terminal_plain_or_unknown: no further pack/compress magic detected
model_setup/bethesda_slate/rf8904e/rep.turnvols.Z,data/legacy_encoded_originals/legacy_encoded_originals_20260516.zip,model_setup/bethesda_slate/rf8904e/rep.turnvols.Z,5086,2f16b88f068732f5d9a8afac4afd44decf3ea6b4bf98fedd4fc6acc44f4c8b0c,partial,data/decoded_model_outputs/rf8904e/rep.turnvols,stage 1 unix_compress_lzw: partial: compress invalid code 259 with table end 257
model_setup/bethesda_slate/rf8904e/turnvols.in.Z,data/legacy_encoded_originals/legacy_encoded_originals_20260516.zip,model_setup/bethesda_slate/rf8904e/turnvols.in.Z,22378,715095b3ecbce3ae18d80745741f036e9a91c8a8a751684c4eafcd42e32f6bd6,partial,data/decoded_model_outputs/rf8904e/turnvols.in,stage 1 unix_compress_lzw: partial: compress invalid code 441 with table end 362
model_setup/bethesda_slate/rf9612a/d231.in.Z,data/legacy_encoded_originals/legacy_encoded_originals_20260516.zip,model_setup/bethesda_slate/rf9612a/d231.in.Z,48570,606aa67b6be7aa5b8a3fdac4255fbae7c869c4ee6681fd332949683ac18fdff7,partial,data/decoded_model_outputs/rf9612a/d231.in,stage 1 unix_compress_lzw: partial: compress invalid code 1743 with table end 1434
model_setup/bethesda_slate/rf9612a/d231.out.Z,data/legacy_encoded_originals/legacy_encoded_originals_20260516.zip,model_setup/bethesda_slate/rf9612a/d231.out.Z,47085,a23c6e615bd7a7a2604e72fc1d99f3c8e4d4be8f0a62936e4d5c13597bfad02d,partial,data/decoded_model_outputs/rf9612a/d231.out,stage 1 unix_compress_lzw: partial: compress invalid code 874 with table end 684
model_setup/bethesda_slate/rf9612a/d231.turnpro.Z,data/legacy_encoded_originals/legacy_encoded_originals_20260516.zip,model_setup/bethesda_slate/rf9612a/d231.turnpro.Z,2191,b29c88f85b5daca43c107271aec10ead408e366ba252c5961ffdc73e4466151d,complete,data/decoded_model_outputs/rf9612a/d231.turnpro,stage 1 unix_compress_lzw: complete: compress stream reached clean input exhaustion; no original length field exists | stage 2 unknown: terminal_plain_or_unknown: no further pack/compress magic detected
model_setup/bethesda_slate/rf9612a/externs1.Z,data/legacy_encoded_originals/legacy_encoded_originals_20260516.zip,model_setup/bethesda_slate/rf9612a/externs1.Z,619,48a0ecb8afca9a00d80530ce07ac9130bef597cfec92c02459ae9c613496b49c,complete,data/decoded_model_outputs/rf9612a/externs1,stage 1 unix_compress_lzw: complete: compress stream reached clean input exhaustion; no original length field exists | stage 2 unknown: terminal_plain_or_unknown: no further pack/compress magic detected
model_setup/bethesda_slate/rf9612a/externs2.Z,data/legacy_encoded_originals/legacy_encoded_originals_20260516.zip,model_setup/bethesda_slate/rf9612a/externs2.Z,574,8fa578805937700bf358cf0921c2da2a0e7c9043521c4fe8f202f692d58909b5,complete,data/decoded_model_outputs/rf9612a/externs2,stage 1 unix_compress_lzw: complete: compress stream reached clean input exhaustion; no original length field exists | stage 2 unknown: terminal_plain_or_unknown: no further pack/compress magic detected
model_setup/bethesda_slate/rf9612a/plt.diff9689.Z,data/legacy_encoded_originals/legacy_encoded_originals_20260516.zip,model_setup/bethesda_slate/rf9612a/plt.diff9689.Z,490117,bb3c4c063cd564f55696d20915046f04f83295d07f0dbb793cdd5f959e9dc258,partial,data/decoded_model_outputs/rf9612a/plt.diff9689,stage 1 unix_compress_lzw: partial: compress invalid code 446 with table end 354
model_setup/bethesda_slate/rf9612a/plt.vcr9612.Z,data/legacy_encoded_originals/legacy_encoded_originals_20260516.zip,model_setup/bethesda_slate/rf9612a/plt.vcr9612.Z,519639,f7e226b46732c983cd0f31997a04600924c3b3c452f38b5fae3679198e8da705,partial,data/decoded_model_outputs/rf9612a/plt.vcr9612,stage 1 unix_compress_lzw: partial: compress invalid code 446 with table end 354
model_setup/bethesda_slate/rf9612a/rep.521dd.Z,data/legacy_encoded_originals/legacy_encoded_originals_20260516.zip,model_setup/bethesda_slate/rf9612a/rep.521dd.Z,8790,f7ad919728f75251a4c758755d69e0cd52cb30a46a74cb5650244dd3ea7443dd,partial,data/decoded_model_outputs/rf9612a/rep.521dd,stage 1 unix_compress_lzw: partial: compress invalid code 436 with table end 378
model_setup/bethesda_slate/rf9612a/rep.611.Z,data/legacy_encoded_originals/legacy_encoded_originals_20260516.zip,model_setup/bethesda_slate/rf9612a/rep.611.Z,104273,393d2b3c0803150d1ff43ab5d451c615ffec1cef8cea40807847e98a535b7b4e,partial,data/decoded_model_outputs/rf9612a/rep.611,stage 1 unix_compress_lzw: partial: compress invalid code 1995 with table end 1825
model_setup/bethesda_slate/rf9612a/rep.PAzone.Z,data/legacy_encoded_originals/legacy_encoded_originals_20260516.zip,model_setup/bethesda_slate/rf9612a/rep.PAzone.Z,696,c27a2d5311ba87be828e1765614762438c63aff17e7fc0bf1c821893971267fa,partial,data/decoded_model_outputs/rf9612a/rep.PAzone,stage 1 unix_compress_lzw: partial: compress invalid code 857 with table end 708
model_setup/bethesda_slate/rf9612a/rep.critical.Z,data/legacy_encoded_originals/legacy_encoded_originals_20260516.zip,model_setup/bethesda_slate/rf9612a/rep.critical.Z,5580,9020381735298a092362d0e853fe18ea95551c9ae8024c24ce2c7f0a6df0d089,partial,data/decoded_model_outputs/rf9612a/rep.critical,stage 1 unix_compress_lzw: partial: compress invalid code 868 with table end 756
model_setup/bethesda_slate/rf9612a/rep.sigstat.Z,data/legacy_encoded_originals/legacy_encoded_originals_20260516.zip,model_setup/bethesda_slate/rf9612a/rep.sigstat.Z,69483,89ce8c7f3b639f42cfdd18742eae4902c3f4a46f433811de190df4ae86b73895,partial,data/decoded_model_outputs/rf9612a/rep.sigstat,stage 1 unix_compress_lzw: partial: compress invalid code 323 with table end 321
model_setup/bethesda_slate/rf9612a/rep.sumtime1.Z,data/legacy_encoded_originals/legacy_encoded_originals_20260516.zip,model_setup/bethesda_slate/rf9612a/rep.sumtime1.Z,651,021175a41455128285c1ea0096ba754032a095a64ccfa8bec58352445318d145,complete,data/decoded_model_outputs/rf9612a/rep.sumtime1,stage 1 unix_compress_lzw: complete: compress stream reached clean input exhaustion; no original length field exists | stage 2 unknown: terminal_plain_or_unknown: no further pack/compress magic detected
model_setup/bethesda_slate/rf9612a/rep.turnpen.Z,data/legacy_encoded_originals/legacy_encoded_originals_20260516.zip,model_setup/bethesda_slate/rf9612a/rep.turnpen.Z,272,d2280c610e5cc43c76ac0d0381a61f3cbeea71af71730087e87e5cc97fe6abce,partial,data/decoded_model_outputs/rf9612a/rep.turnpen,stage 1 unix_compress_lzw: partial: compress invalid code 436 with table end 378
model_setup/bethesda_slate/rf9612a/rep.turnvols.Z,data/legacy_encoded_originals/legacy_encoded_originals_20260516.zip,model_setup/bethesda_slate/rf9612a/rep.turnvols.Z,5305,f4c96c13738421cc5c7c9a2e255382cd8812c39034b3ca56f323379f2250bf10,partial,data/decoded_model_outputs/rf9612a/rep.turnvols,stage 1 unix_compress_lzw: partial: compress invalid code 259 with table end 257
model_setup/bethesda_slate/rf9612a/statistics.Z,data/legacy_encoded_originals/legacy_encoded_originals_20260516.zip,model_setup/bethesda_slate/rf9612a/statistics.Z,553,44ce06285343eb06daf40f0c6e10ebbb720fa3b1380f8766856a1d0148bad169,partial,data/decoded_model_outputs/rf9612a/statistics,stage 1 unix_compress_lzw: partial: compress invalid code 852 with table end 680
model_setup/bethesda_slate/rf9612a/turnvols.in.Z,data/legacy_encoded_originals/legacy_encoded_originals_20260516.zip,model_setup/bethesda_slate/rf9612a/turnvols.in.Z,22567,b9156c4007c3739aae82165a7a8dae7995d7a7413ee6ad86de133affca0a8aab,partial,data/decoded_model_outputs/rf9612a/turnvols.in,stage 1 unix_compress_lzw: partial: compress invalid code 1488 with table end 1215
model_setup/bethesda_slate/rf9613a/d231.in.Z,data/legacy_encoded_originals/legacy_encoded_originals_20260516.zip,model_setup/bethesda_slate/rf9613a/d231.in.Z,48894,2b8510790884d9717ccbae497e143ec969ac2d772939a2a915a6f2461d88f743,partial,data/decoded_model_outputs/rf9613a/d231.in,stage 1 unix_compress_lzw: partial: compress invalid code 1468 with table end 1313
model_setup/bethesda_slate/rf9613a/d231.out.Z,data/legacy_encoded_originals/legacy_encoded_originals_20260516.zip,model_setup/bethesda_slate/rf9613a/d231.out.Z,47327,746976672379b67e3b3b96543ca7b077e26f4686884c7eb2b4bc27a410933f55,partial,data/decoded_model_outputs/rf9613a/d231.out,stage 1 unix_compress_lzw: partial: compress invalid code 3394 with table end 2649
model_setup/bethesda_slate/rf9613a/plt.vcr9613.Z,data/legacy_encoded_originals/legacy_encoded_originals_20260516.zip,model_setup/bethesda_slate/rf9613a/plt.vcr9613.Z,520030,a8350021b55525f8cf5d77385b55c20e9a50ba2d43ed4349d7c1df7ac36c3a80,partial,data/decoded_model_outputs/rf9613a/plt.vcr9613,stage 1 unix_compress_lzw: partial: compress invalid code 446 with table end 354
model_setup/bethesda_slate/rf9613a/rep.521dd.Z,data/legacy_encoded_originals/legacy_encoded_originals_20260516.zip,model_setup/bethesda_slate/rf9613a/rep.521dd.Z,8821,162e42795d5d86f3f947e70bf9573a39a9371ccadc7bf135060a03e2552660e8,partial,data/decoded_model_outputs/rf9613a/rep.521dd,stage 1 unix_compress_lzw: partial: compress invalid code 843 with table end 716
model_setup/bethesda_slate/rf9613a/rep.611.Z,data/legacy_encoded_originals/legacy_encoded_originals_20260516.zip,model_setup/bethesda_slate/rf9613a/rep.611.Z,104311,3a0017255e83dc15846c4c58151e45b47eaace305298a08cdcd76f9a3513507d,partial,data/decoded_model_outputs/rf9613a/rep.611,stage 1 unix_compress_lzw: partial: compress invalid code 841 with table end 680
model_setup/bethesda_slate/rf9613a/rep.critical.Z,data/legacy_encoded_originals/legacy_encoded_originals_20260516.zip,model_setup/bethesda_slate/rf9613a/rep.critical.Z,5595,536bed3a5dc5f87b0630821e157bec90487f36bc7681e167baf7f3564465c701,partial,data/decoded_model_outputs/rf9613a/rep.critical,stage 1 unix_compress_lzw: partial: compress invalid code 434 with table end 402
model_setup/bethesda_slate/rf9613a/rep.sigstat.Z,data/legacy_encoded_originals/legacy_encoded_originals_20260516.zip,model_setup/bethesda_slate/rf9613a/rep.sigstat.Z,69893,ebb97d2254f9c25b2fed45d8281151f5c26286fcb2798571521e0ab4cc99d589,partial,data/decoded_model_outputs/rf9613a/rep.sigstat,stage 1 unix_compress_lzw: partial: compress invalid code 323 with table end 321
model_setup/bethesda_slate/rf9613a/rep.sumtime1.Z,data/legacy_encoded_originals/legacy_encoded_originals_20260516.zip,model_setup/bethesda_slate/rf9613a/rep.sumtime1.Z,648,de7f9970a6c832a5588162897f7908f968f2f3c03d7614dbff3298734f5040a1,complete,data/decoded_model_outputs/rf9613a/rep.sumtime1,stage 1 unix_compress_lzw: complete: compress stream reached clean input exhaustion; no original length field exists | stage 2 unknown: terminal_plain_or_unknown: no further pack/compress magic detected
model_setup/bethesda_slate/rf9613a/rep.turnpen.Z,data/legacy_encoded_originals/legacy_encoded_originals_20260516.zip,model_setup/bethesda_slate/rf9613a/rep.turnpen.Z,280,fd1ffefbb2aea3b29181d5c74152eb3727727dc6a0c6efca8b30b9d0cc7e8fbc,complete,data/decoded_model_outputs/rf9613a/rep.turnpen,stage 1 unix_compress_lzw: complete: compress stream reached clean input exhaustion; no original length field exists | stage 2 unknown: terminal_plain_or_unknown: no further pack/compress magic detected
model_setup/bethesda_slate/rf9613a/rep.turnvols.Z,data/legacy_encoded_originals/legacy_encoded_originals_20260516.zip,model_setup/bethesda_slate/rf9613a/rep.turnvols.Z,5345,84fbe0e4301b89b42461ed5705be409d04b3f94e701d3ea8498757d3c4ba85a7,partial,data/decoded_model_outputs/rf9613a/rep.turnvols,stage 1 unix_compress_lzw: partial: compress invalid code 259 with table end 257
model_setup/bethesda_slate/rf9613a/statistics.Z,data/legacy_encoded_originals/legacy_encoded_originals_20260516.zip,model_setup/bethesda_slate/rf9613a/statistics.Z,550,a06c2e28cabf2e628fc0fb037cf94cdfba27220681819d5880be5e2ba452a88f,partial,data/decoded_model_outputs/rf9613a/statistics,stage 1 unix_compress_lzw: partial: compress invalid code 861 with table end 668
model_setup/bethesda_slate/rf9613a/turnvols.in.Z,data/legacy_encoded_originals/legacy_encoded_originals_20260516.zip,model_setup/bethesda_slate/rf9613a/turnvols.in.Z,22718,b088102519e5fe809c33bbb602562875e3044f926fea359ee4c6d8c768e7c3b5,partial,data/decoded_model_outputs/rf9613a/turnvols.in,stage 1 unix_compress_lzw: partial: compress invalid code 854 with table end 664
model_setup/bethesda_slate/rf9618a/d231.in.Z,data/legacy_encoded_originals/legacy_encoded_originals_20260516.zip,model_setup/bethesda_slate/rf9618a/d231.in.Z,48780,2b1b3df2006435273a78e1d44f69f03b5df617f9f65a24cd464f8175d8d5e677,partial,data/decoded_model_outputs/rf9618a/d231.in,stage 1 unix_compress_lzw: partial: compress invalid code 1394 with table end 1023
model_setup/bethesda_slate/rf9618a/d231.out.Z,data/legacy_encoded_originals/legacy_encoded_originals_20260516.zip,model_setup/bethesda_slate/rf9618a/d231.out.Z,47261,041f8d27439103d9dcd8abade6299bc6bfd1681d5faeb947f63a71c9df7575f6,partial,data/decoded_model_outputs/rf9618a/d231.out,stage 1 unix_compress_lzw: partial: compress invalid code 869 with table end 712
model_setup/bethesda_slate/rf9618a/plt.vcr9618.Z,data/legacy_encoded_originals/legacy_encoded_originals_20260516.zip,model_setup/bethesda_slate/rf9618a/plt.vcr9618.Z,502879,f9d421921a4bb11f7fa6974e9344bfa43927cc6c7609fa776f47187ccde450ae,partial,data/decoded_model_outputs/rf9618a/plt.vcr9618,stage 1 unix_compress_lzw: partial: compress invalid code 446 with table end 354
model_setup/bethesda_slate/rf9618a/rep.521dd.Z,data/legacy_encoded_originals/legacy_encoded_originals_20260516.zip,model_setup/bethesda_slate/rf9618a/rep.521dd.Z,8806,24948036dfc40e399d4467ffa5809bba4397742e29a8f3156ceef1c43fc5bb93,partial,data/decoded_model_outputs/rf9618a/rep.521dd,stage 1 unix_compress_lzw: partial: compress invalid code 1471 with table end 1159
model_setup/bethesda_slate/rf9618a/rep.611.Z,data/legacy_encoded_originals/legacy_encoded_originals_20260516.zip,model_setup/bethesda_slate/rf9618a/rep.611.Z,103167,591dd8060ff88b8c3e50601ab8417836383c97a7ee6e30386c78815efb9d5964,partial,data/decoded_model_outputs/rf9618a/rep.611,stage 1 unix_compress_lzw: partial: compress invalid code 862 with table end 716
model_setup/bethesda_slate/rf9618a/rep.critical.Z,data/legacy_encoded_originals/legacy_encoded_originals_20260516.zip,model_setup/bethesda_slate/rf9618a/rep.critical.Z,5566,35026a90053ad02c915cbd70638d648637a4698a408d059c8c52be35db937f3f,partial,data/decoded_model_outputs/rf9618a/rep.critical,stage 1 unix_compress_lzw: partial: compress invalid code 3502 with table end 2891
model_setup/bethesda_slate/rf9618a/rep.sigstat.Z,data/legacy_encoded_originals/legacy_encoded_originals_20260516.zip,model_setup/bethesda_slate/rf9618a/rep.sigstat.Z,69353,8716fa2032eba5389a5881b5f08ed96534a751b14738cf8a358cb27c5ff2ffc8,partial,data/decoded_model_outputs/rf9618a/rep.sigstat,stage 1 unix_compress_lzw: partial: compress invalid code 323 with table end 321
model_setup/bethesda_slate/rf9618a/rep.sumtime1.Z,data/legacy_encoded_originals/legacy_encoded_originals_20260516.zip,model_setup/bethesda_slate/rf9618a/rep.sumtime1.Z,659,d57846cc356f353deb55346892df777789f213f801d5ec778b76075262c173ed,partial,data/decoded_model_outputs/rf9618a/rep.sumtime1,stage 1 unix_compress_lzw: partial: compress invalid code 864 with table end 688
model_setup/bethesda_slate/rf9618a/rep.turnpen.Z,data/legacy_encoded_originals/legacy_encoded_originals_20260516.zip,model_setup/bethesda_slate/rf9618a/rep.turnpen.Z,561,964cca6cf40eb022efab78487a2e5b32bfede48dee93b832d0265ed3bd1bf107,complete,data/decoded_model_outputs/rf9618a/rep.turnpen,stage 1 unix_compress_lzw: complete: compress stream reached clean input exhaustion; no original length field exists | stage 2 unknown: terminal_plain_or_unknown: no further pack/compress magic detected
model_setup/bethesda_slate/rf9618a/rep.turnvols.Z,data/legacy_encoded_originals/legacy_encoded_originals_20260516.zip,model_setup/bethesda_slate/rf9618a/rep.turnvols.Z,5201,a7c4a402372e3cedefa05deea92bb0f56b7cc55e53b1674778002a5aae33020b,partial,data/decoded_model_outputs/rf9618a/rep.turnvols,stage 1 unix_compress_lzw: partial: compress invalid code 259 with table end 257
model_setup/bethesda_slate/rf9618a/statistics.Z,data/legacy_encoded_originals/legacy_encoded_originals_20260516.zip,model_setup/bethesda_slate/rf9618a/statistics.Z,556,90b7fc7695ac16f4eb73a8bc707f921cdbd1224cadf553f5f0436470df1e8a22,partial,data/decoded_model_outputs/rf9618a/statistics,stage 1 unix_compress_lzw: partial: compress invalid code 851 with table end 680
model_setup/bethesda_slate/rf9618a/turnvols.in.Z,data/legacy_encoded_originals/legacy_encoded_originals_20260516.zip,model_setup/bethesda_slate/rf9618a/turnvols.in.Z,22450,4b55be67b659f931baaf573ff4d274669cc509ffbdf23fa5aa2217f03ee6f952,partial,data/decoded_model_outputs/rf9618a/turnvols.in,stage 1 unix_compress_lzw: partial: compress invalid code 3390 with table end 2641
model_setup/bethesda_slate/rf9619a/d231.in.Z,data/legacy_encoded_originals/legacy_encoded_originals_20260516.zip,model_setup/bethesda_slate/rf9619a/d231.in.Z,48213,c4a1f2ef0fdb5e2c25bb8e2bf36bdf5c5e5a69f8d15803c4ac8f8e6ac7ddc52f,partial,data/decoded_model_outputs/rf9619a/d231.in,stage 1 unix_compress_lzw: partial: compress invalid code 1680 with table end 1346
model_setup/bethesda_slate/rf9619a/d231.out.Z,data/legacy_encoded_originals/legacy_encoded_originals_20260516.zip,model_setup/bethesda_slate/rf9619a/d231.out.Z,46693,7b8697b285d5acc27396c59ba6dba7b5600208bcbf7697ee2bbd43da1d813268,partial,data/decoded_model_outputs/rf9619a/d231.out,stage 1 unix_compress_lzw: partial: compress invalid code 1396 with table end 1369
model_setup/bethesda_slate/rf9619a/plt.diff1918.Z,data/legacy_encoded_originals/legacy_encoded_originals_20260516.zip,model_setup/bethesda_slate/rf9619a/plt.diff1918.Z,331548,6415934bead04279ffda0b7afa1a62ecede56fb93d3766f305426d5156f5bc10,partial,data/decoded_model_outputs/rf9619a/plt.diff1918,stage 1 unix_compress_lzw: partial: compress invalid code 1686 with table end 1610
model_setup/bethesda_slate/rf9619a/plt.wis.9619.Z,data/legacy_encoded_originals/legacy_encoded_originals_20260516.zip,model_setup/bethesda_slate/rf9619a/plt.wis.9619.Z,456013,385ea3f8aa0197ea99ec2632d66f33569287152baa42bb69ef2e6bb8c8f4b1bc,partial,data/decoded_model_outputs/rf9619a/plt.wis.9619,stage 1 unix_compress_lzw: partial: compress invalid code 437 with table end 362
model_setup/bethesda_slate/rf9619a/rep.521dd.Z,data/legacy_encoded_originals/legacy_encoded_originals_20260516.zip,model_setup/bethesda_slate/rf9619a/rep.521dd.Z,8912,d30b55618d70c2c449341e7fb6ded4c07f3eb0cda7cc91d3dd10f253eb829887,partial,data/decoded_model_outputs/rf9619a/rep.521dd,stage 1 unix_compress_lzw: partial: compress invalid code 1462 with table end 1415
model_setup/bethesda_slate/rf9619a/rep.611.Z,data/legacy_encoded_originals/legacy_encoded_originals_20260516.zip,model_setup/bethesda_slate/rf9619a/rep.611.Z,102631,773d7c881fd9c47b3e4656962c1ef85557e872d49e53997a92062f6461fd2ecb,partial,data/decoded_model_outputs/rf9619a/rep.611,stage 1 unix_compress_lzw: partial: compress invalid code 1643 with table end 1297
model_setup/bethesda_slate/rf9619a/rep.critical.Z,data/legacy_encoded_originals/legacy_encoded_originals_20260516.zip,model_setup/bethesda_slate/rf9619a/rep.critical.Z,5551,f422b3439ef124250561508937a4b0c8c5c1b2c1d645d6cd8e5b7861a928c27d,partial,data/decoded_model_outputs/rf9619a/rep.critical,stage 1 unix_compress_lzw: partial: compress invalid code 313 with table end 263
model_setup/bethesda_slate/rf9619a/rep.sigstat.Z,data/legacy_encoded_originals/legacy_encoded_originals_20260516.zip,model_setup/bethesda_slate/rf9619a/rep.sigstat.Z,68815,9fb34bb7908231c30b3e84b46077bc0f6dbea43f1728855450a7ad0613f00583,partial,data/decoded_model_outputs/rf9619a/rep.sigstat,stage 1 unix_compress_lzw: partial: compress invalid code 323 with table end 321
model_setup/bethesda_slate/rf9619a/rep.sumtime1.Z,data/legacy_encoded_originals/legacy_encoded_originals_20260516.zip,model_setup/bethesda_slate/rf9619a/rep.sumtime1.Z,661,06c63831b5b9942f790572f99029930f5e9314210aa0268a8824d48273e7610f,partial,data/decoded_model_outputs/rf9619a/rep.sumtime1,stage 1 unix_compress_lzw: partial: compress invalid code 864 with table end 688
model_setup/bethesda_slate/rf9619a/rep.turnpen.Z,data/legacy_encoded_originals/legacy_encoded_originals_20260516.zip,model_setup/bethesda_slate/rf9619a/rep.turnpen.Z,574,4fafb8417163e812ded3171580c897e1c0eb2d8fbe852660365b2cf6bbe0c821,complete,data/decoded_model_outputs/rf9619a/rep.turnpen,stage 1 unix_compress_lzw: complete: compress stream reached clean input exhaustion; no original length field exists | stage 2 unknown: terminal_plain_or_unknown: no further pack/compress magic detected
model_setup/bethesda_slate/rf9619a/rep.turnvols.Z,data/legacy_encoded_originals/legacy_encoded_originals_20260516.zip,model_setup/bethesda_slate/rf9619a/rep.turnvols.Z,5183,9f7b1649a8c36dd0e078afaf3d611b673f397b75e615e85791df637c2bac85fc,partial,data/decoded_model_outputs/rf9619a/rep.turnvols,stage 1 unix_compress_lzw: partial: compress invalid code 259 with table end 257
model_setup/bethesda_slate/rf9619a/statistics.Z,data/legacy_encoded_originals/legacy_encoded_originals_20260516.zip,model_setup/bethesda_slate/rf9619a/statistics.Z,551,a13ce1750f305eda658c85d7ec8e1c22c6ccc79c9aa31c632882d5535320e3cb,partial,data/decoded_model_outputs/rf9619a/statistics,stage 1 unix_compress_lzw: partial: compress invalid code 852 with table end 680
model_setup/bethesda_slate/rf9619a/turnvols.in.Z,data/legacy_encoded_originals/legacy_encoded_originals_20260516.zip,model_setup/bethesda_slate/rf9619a/turnvols.in.Z,22452,22fbfbea556ad103ddccca74eab408c122bb749c5f7f56a01f5d3991f10d05bf,partial,data/decoded_model_outputs/rf9619a/turnvols.in,stage 1 unix_compress_lzw: partial: compress invalid code 3431 with table end 2697
model_setup/bethesda_slate/rf9621a/d231.in.Z,data/legacy_encoded_originals/legacy_encoded_originals_20260516.zip,model_setup/bethesda_slate/rf9621a/d231.in.Z,48748,1bf263f0a15362f5c2253b19d7522488663f9563916a5c90c969a6f229e944fa,partial,data/decoded_model_outputs/rf9621a/d231.in,stage 1 unix_compress_lzw: partial: compress invalid code 446 with table end 402
model_setup/bethesda_slate/rf9621a/d231.in.z-A,data/legacy_encoded_originals/legacy_encoded_originals_20260516.zip,model_setup/bethesda_slate/rf9621a/d231.in.z-A,72653,843d3ce5a758e0e7eaa612ebf2b88a13aac3af774cf817dcd03321d11fed7b3b,failed,,stage 1 unix_pack_static_huffman: failed: too many leaves in pack Huffman tree
model_setup/bethesda_slate/rf9621a/d231.out.Z-A,data/legacy_encoded_originals/legacy_encoded_originals_20260516.zip,model_setup/bethesda_slate/rf9621a/d231.out.Z-A,47156,75467e7751901931603b4c2685c5abc8cb2961119d86469bc9f16326ddb04b73,partial,data/decoded_model_outputs/rf9621a/d231.out,stage 1 unix_compress_lzw: partial: compress invalid code 1710 with table end 1362
model_setup/bethesda_slate/rf9621a/d231.out.z,data/legacy_encoded_originals/legacy_encoded_originals_20260516.zip,model_setup/bethesda_slate/rf9621a/d231.out.z,67938,881e74a31fa95911ac7cd3b9a4f59b17c067e1683317e3163b6ded4a4f5f2168,partial,data/decoded_model_outputs/rf9621a/d231.out,"stage 1 unix_pack_static_huffman: partial: pack length mismatch: expected 165753, got 46863"
model_setup/bethesda_slate/rf9621a/plt.diff2118.Z-A,data/legacy_encoded_originals/legacy_encoded_originals_20260516.zip,model_setup/bethesda_slate/rf9621a/plt.diff2118.Z-A,314759,b586b6237b75c67261ad5ceea29e16dc69f18cbb6f3fbcb27941a6c5942f8b8a,partial,data/decoded_model_outputs/rf9621a/plt.diff2118,stage 1 unix_compress_lzw: partial: compress invalid code 1746 with table end 1362
model_setup/bethesda_slate/rf9621a/plt.diff2118.z,data/legacy_encoded_originals/legacy_encoded_originals_20260516.zip,model_setup/bethesda_slate/rf9621a/plt.diff2118.z,337085,c0ae53071043bf5489c1fe53c23546ac3e54593ff2090953463edfdfbd8fd54c,failed,,stage 1 unix_pack_static_huffman: failed: too many leaves in pack Huffman tree
model_setup/bethesda_slate/rf9621a/plt.vcr9621.Z,data/legacy_encoded_originals/legacy_encoded_originals_20260516.zip,model_setup/bethesda_slate/rf9621a/plt.vcr9621.Z,503147,088ea0bef8b5c4444db78ddc6fc376467a10db8de56f6b8f1ed77b4d8a27d87a,partial,data/decoded_model_outputs/rf9621a/plt.vcr9621,stage 1 unix_compress_lzw: partial: compress invalid code 446 with table end 354
model_setup/bethesda_slate/rf9621a/rep.521dd.z,data/legacy_encoded_originals/legacy_encoded_originals_20260516.zip,model_setup/bethesda_slate/rf9621a/rep.521dd.z,16313,2d30ce3cf4d138b99a99b17ac5d3f16391d5ede2ec93924347b8048645a3c099,partial,data/decoded_model_outputs/rf9621a/rep.521dd,"stage 1 unix_pack_static_huffman: partial: pack exceeded expected length before EOB: expected 29280, got 29281"
model_setup/bethesda_slate/rf9621a/rep.611.z,data/legacy_encoded_originals/legacy_encoded_originals_20260516.zip,model_setup/bethesda_slate/rf9621a/rep.611.z,177953,39cf02db8b3ccf245193c40b04c1e9996c9e1d232b6e92129f11f610ecf55632,partial,data/decoded_model_outputs/rf9621a/rep.611,"stage 1 unix_pack_static_huffman: partial: pack exceeded expected length before EOB: expected 417525, got 417526"
model_setup/bethesda_slate/rf9621a/rep.critical.z,data/legacy_encoded_originals/legacy_encoded_originals_20260516.zip,model_setup/bethesda_slate/rf9621a/rep.critical.z,8098,117a68a0ea08912fa3408d825f133716a616d6116305a76a9387be1627e8e3ae,partial,data/decoded_model_outputs/rf9621a/rep.critical,"stage 1 unix_pack_static_huffman: partial: pack exceeded expected length before EOB: expected 24436, got 24437"
model_setup/bethesda_slate/rf9621a/rep.sigstat.z,data/legacy_encoded_originals/legacy_encoded_originals_20260516.zip,model_setup/bethesda_slate/rf9621a/rep.sigstat.z,121579,bc8727e92b1e036c4f7ba04e5f0794ca13478882bc28c1d3fb617b1b2dd6010c,partial,data/decoded_model_outputs/rf9621a/rep.sigstat,"stage 1 unix_pack_static_huffman: partial: pack exceeded expected length before EOB: expected 271751, got 271752"
model_setup/bethesda_slate/rf9621a/rep.sumtime1.z,data/legacy_encoded_originals/legacy_encoded_originals_20260516.zip,model_setup/bethesda_slate/rf9621a/rep.sumtime1.z,734,923c3d6ee06bd2ea897352f942661d52743fee0eff31714cd596beeea9917576,failed,,stage 1 unix_pack_static_huffman: failed: too many leaves in pack Huffman tree
model_setup/bethesda_slate/rf9621a/rep.turnpen.z,data/legacy_encoded_originals/legacy_encoded_originals_20260516.zip,model_setup/bethesda_slate/rf9621a/rep.turnpen.z,1131,36c8b9cf791eb8077df0dffe8c7f97f83acb4abe4e97a073315806ab1da4fd7b,failed,,stage 1 unix_pack_static_huffman: failed: too many leaves in pack Huffman tree
model_setup/bethesda_slate/rf9621a/rep.turnvols.z,data/legacy_encoded_originals/legacy_encoded_originals_20260516.zip,model_setup/bethesda_slate/rf9621a/rep.turnvols.z,5685,ca0e77bb99f125a699db60854f99b76af99ee03508ed0f0b41435f10f4202e13,failed,,stage 1 unix_pack_static_huffman: failed: too many leaves in pack Huffman tree
model_setup/bethesda_slate/rf9621a/turnvols.in.z,data/legacy_encoded_originals/legacy_encoded_originals_20260516.zip,model_setup/bethesda_slate/rf9621a/turnvols.in.z,30173,9140c9d7fe777cc93293261157a4824ed2ce9982c9e97da1f22439751c9ee0f6,partial,data/decoded_model_outputs/rf9621a/turnvols.in,"stage 1 unix_pack_static_huffman: partial: pack length mismatch: expected 77560, got 44692"
model_setup/bethesda_slate/rf9622a/d231.in.z,data/legacy_encoded_originals/legacy_encoded_originals_20260516.zip,model_setup/bethesda_slate/rf9622a/d231.in.z,72224,e08689b19a3c0ff1d5c6d96f2f75d12c71e69e8a09a121c8f48fac021832b214,failed,,stage 1 unix_pack_static_huffman: failed: too many leaves in pack Huffman tree
model_setup/bethesda_slate/rf9622a/d231.out.z,data/legacy_encoded_originals/legacy_encoded_originals_20260516.zip,model_setup/bethesda_slate/rf9622a/d231.out.z,67643,ec5db46738c5114273c3d1334361b07d340cafb39345ad3149663fd2a7acc701,partial,data/decoded_model_outputs/rf9622a/d231.out,"stage 1 unix_pack_static_huffman: partial: pack length mismatch: expected 164871, got 11153"
model_setup/bethesda_slate/rf9622a/plt.vcr9622.Z,data/legacy_encoded_originals/legacy_encoded_originals_20260516.zip,model_setup/bethesda_slate/rf9622a/plt.vcr9622.Z,502277,dc7dc354c56febcbb68c15db2b2e572dc17c61a43d71164aebf5ecbdf69eb8f2,partial,data/decoded_model_outputs/rf9622a/plt.vcr9622,stage 1 unix_compress_lzw: partial: compress invalid code 446 with table end 354
model_setup/bethesda_slate/rf9622a/rep.521dd.z,data/legacy_encoded_originals/legacy_encoded_originals_20260516.zip,model_setup/bethesda_slate/rf9622a/rep.521dd.z,16429,4a784ee694e6b78a0d3973d6b12891ffe842d7787d45ec534c583e9d4bed5ddb,partial,data/decoded_model_outputs/rf9622a/rep.521dd,"stage 1 unix_pack_static_huffman: partial: pack exceeded expected length before EOB: expected 29430, got 29431"
model_setup/bethesda_slate/rf9622a/rep.611.z,data/legacy_encoded_originals/legacy_encoded_originals_20260516.zip,model_setup/bethesda_slate/rf9622a/rep.611.z,177781,9e1ff81916812bcb747b967c0cb26132ce2a833507cd09867a9e0f4d8f9d9581,partial,data/decoded_model_outputs/rf9622a/rep.611,"stage 1 unix_pack_static_huffman: partial: pack exceeded expected length before EOB: expected 417165, got 417166"
model_setup/bethesda_slate/rf9622a/rep.critical.z,data/legacy_encoded_originals/legacy_encoded_originals_20260516.zip,model_setup/bethesda_slate/rf9622a/rep.critical.z,8090,06f20d0ddb8a1e3802174eb8375a1a5317bcb47f74bd1bbcaede26835497e6c0,partial,data/decoded_model_outputs/rf9622a/rep.critical,"stage 1 unix_pack_static_huffman: partial: pack exceeded expected length before EOB: expected 24436, got 24437"
model_setup/bethesda_slate/rf9622a/rep.sigstat.z,data/legacy_encoded_originals/legacy_encoded_originals_20260516.zip,model_setup/bethesda_slate/rf9622a/rep.sigstat.z,121169,ed39e88273316aaa9a3a3395cbdaa14802dbc0eba80458ea9d71ba1ea82c3f6c,partial,data/decoded_model_outputs/rf9622a/rep.sigstat,"stage 1 unix_pack_static_huffman: partial: pack exceeded expected length before EOB: expected 270659, got 270660"
model_setup/bethesda_slate/rf9622a/rep.sumtime1.z,data/legacy_encoded_originals/legacy_encoded_originals_20260516.zip,model_setup/bethesda_slate/rf9622a/rep.sumtime1.z,735,5d661a79115b38fa5299ed72568944d02ed5fc55a3984a146e93a4c9ee305d0d,failed,,stage 1 unix_pack_static_huffman: failed: too many leaves in pack Huffman tree
model_setup/bethesda_slate/rf9622a/rep.turnpen.z,data/legacy_encoded_originals/legacy_encoded_originals_20260516.zip,model_setup/bethesda_slate/rf9622a/rep.turnpen.z,1239,fcca813ae3e42ea10f1e8aadb747826d0d4b7a625fea525a80c0e18a73e57663,partial,data/decoded_model_outputs/rf9622a/rep.turnpen,"stage 1 unix_pack_static_huffman: partial: pack exceeded expected length before EOB: expected 2219, got 2220"
model_setup/bethesda_slate/rf9622a/rep.turnvols.z,data/legacy_encoded_originals/legacy_encoded_originals_20260516.zip,model_setup/bethesda_slate/rf9622a/rep.turnvols.z,5670,491a7c0332890f01663856f5fc547a3d1d8da5cf14727a7ebdca13e056fe5794,partial,data/decoded_model_outputs/rf9622a/rep.turnvols,"stage 1 unix_pack_static_huffman: partial: pack exceeded expected length before EOB: expected 20033, got 20034"
model_setup/bethesda_slate/rf9622a/statistics.z,data/legacy_encoded_originals/legacy_encoded_originals_20260516.zip,model_setup/bethesda_slate/rf9622a/statistics.z,781,a2bf5730c6d63e83938f2242d49affa089fe148694900a746673931520b2ea20,failed,,stage 1 unix_pack_static_huffman: failed: too many leaves in pack Huffman tree
model_setup/bethesda_slate/rf9622a/turnvols.in.z,data/legacy_encoded_originals/legacy_encoded_originals_20260516.zip,model_setup/bethesda_slate/rf9622a/turnvols.in.z,30002,8f98263b7bb06531c0754c4e082e56732dde95c584fcd0e4fee5086d9a1199e3,partial,data/decoded_model_outputs/rf9622a/turnvols.in,"stage 1 unix_pack_static_huffman: partial: pack length mismatch: expected 77112, got 76952"
model_setup/bethesda_slate/rf9623a/d231.in.z,data/legacy_encoded_originals/legacy_encoded_originals_20260516.zip,model_setup/bethesda_slate/rf9623a/d231.in.z,72936,46a1fe806808bdc1e7df103262d6c39bd178175dd4ffadc0a007a3c51f50f28c,failed,,stage 1 unix_pack_static_huffman: failed: too many leaves in pack Huffman tree
model_setup/bethesda_slate/rf9623a/d231.out.z,data/legacy_encoded_originals/legacy_encoded_originals_20260516.zip,model_setup/bethesda_slate/rf9623a/d231.out.z,68255,fcc5fdf1be68115455460f837875622a9a26c2b461065e963b1a5dcc85623e93,partial,data/decoded_model_outputs/rf9623a/d231.out,"stage 1 unix_pack_static_huffman: partial: pack length mismatch: expected 166446, got 12089"
model_setup/bethesda_slate/rf9623a/plt.vcr9623.Z,data/legacy_encoded_originals/legacy_encoded_originals_20260516.zip,model_setup/bethesda_slate/rf9623a/plt.vcr9623.Z,503531,7b7560f326a75ae2d00d98fce1410f61ca98de539b555cb425e2212e0a878a9a,partial,data/decoded_model_outputs/rf9623a/plt.vcr9623,stage 1 unix_compress_lzw: partial: compress invalid code 446 with table end 354
model_setup/bethesda_slate/rf9623a/plt.wis.9623.z,data/legacy_encoded_originals/legacy_encoded_originals_20260516.zip,model_setup/bethesda_slate/rf9623a/plt.wis.9623.z,285284,a16d801ed20b55beb6e708ba40cf7b2e574b4e4a5c12d115773825410c9475db,partial,data/decoded_model_outputs/rf9623a/plt.wis.9623,"stage 1 unix_pack_static_huffman: partial: pack exceeded expected length before EOB: expected 388266, got 388267"
model_setup/bethesda_slate/rf9623a/rep.521dd.z,data/legacy_encoded_originals/legacy_encoded_originals_20260516.zip,model_setup/bethesda_slate/rf9623a/rep.521dd.z,16473,176892c400982c0e6bfd550ec4e7813400d0a8278622b3be1c7f7c6ca6bb5de3,failed,,stage 1 unix_pack_static_huffman: failed: too many leaves in pack Huffman tree
model_setup/bethesda_slate/rf9623a/rep.611.z,data/legacy_encoded_originals/legacy_encoded_originals_20260516.zip,model_setup/bethesda_slate/rf9623a/rep.611.z,177994,ba6c5ba5bf9fd426fd8a9b5670a146e62071cb0b78d946a2ba9265f68d9c7d3c,partial,data/decoded_model_outputs/rf9623a/rep.611,"stage 1 unix_pack_static_huffman: partial: pack exceeded expected length before EOB: expected 417669, got 417670"
model_setup/bethesda_slate/rf9623a/rep.critical.z,data/legacy_encoded_originals/legacy_encoded_originals_20260516.zip,model_setup/bethesda_slate/rf9623a/rep.critical.z,8125,b5f1265a1e0c36eee9f1d1e7329f5c4c79d8d363a4f208306d21f180829ed1c8,failed,,stage 1 unix_pack_static_huffman: failed: too many leaves in pack Huffman tree
model_setup/bethesda_slate/rf9623a/rep.sigstat.Z-A,data/legacy_encoded_originals/legacy_encoded_originals_20260516.zip,model_setup/bethesda_slate/rf9623a/rep.sigstat.Z-A,69451,2c76358659a7459c5c45a51556e3d7006e47a03b7cbb0dd54877601150b0b726,partial,data/decoded_model_outputs/rf9623a/rep.sigstat,stage 1 unix_compress_lzw: partial: compress invalid code 323 with table end 321
model_setup/bethesda_slate/rf9623a/rep.sigstat.z,data/legacy_encoded_originals/legacy_encoded_originals_20260516.zip,model_setup/bethesda_slate/rf9623a/rep.sigstat.z,122076,d80971278cc4da652a476cab502c00515ccf84ba8c0aa6ee7b5f5a3e9e7ef190,partial,data/decoded_model_outputs/rf9623a/rep.sigstat,"stage 1 unix_pack_static_huffman: partial: pack exceeded expected length before EOB: expected 272832, got 272833"
model_setup/bethesda_slate/rf9623a/rep.sumtime1.z,data/legacy_encoded_originals/legacy_encoded_originals_20260516.zip,model_setup/bethesda_slate/rf9623a/rep.sumtime1.z,734,280940fbdd6270b1f77afa82b6729e3401d7b3a8c5887eb8048f3a63a27749bc,failed,,stage 1 unix_pack_static_huffman: failed: too many leaves in pack Huffman tree
model_setup/bethesda_slate/rf9623a/rep.turnpen.z,data/legacy_encoded_originals/legacy_encoded_originals_20260516.zip,model_setup/bethesda_slate/rf9623a/rep.turnpen.z,628,e2c2f04350a7553eb6ac085af73dce5d448d1e00554ea487df2eb68987d9057b,failed,,stage 1 unix_pack_static_huffman: failed: too many leaves in pack Huffman tree
model_setup/bethesda_slate/rf9623a/rep.turnvols.z,data/legacy_encoded_originals/legacy_encoded_originals_20260516.zip,model_setup/bethesda_slate/rf9623a/rep.turnvols.z,5699,f11cfc65fa81b0ab4b8b63ec1abbe53b4349da175ffcd9106c30882aed6de3ab,partial,data/decoded_model_outputs/rf9623a/rep.turnvols,"stage 1 unix_pack_static_huffman: partial: pack exceeded expected length before EOB: expected 20100, got 20101"
model_setup/bethesda_slate/rf9623a/statistics.z,data/legacy_encoded_originals/legacy_encoded_originals_20260516.zip,model_setup/bethesda_slate/rf9623a/statistics.z,783,9d89e8a7539a6fc97c800c4edfe866b382c323d15aa5cbcd36c6938318343950,complete,data/decoded_model_outputs/rf9623a/statistics,stage 1 unix_pack_static_huffman: complete: pack EOB reached and expected length matched | stage 2 unknown: terminal_plain_or_unknown: no further pack/compress magic detected
model_setup/bethesda_slate/rf9623a/turnvols.in.z,data/legacy_encoded_originals/legacy_encoded_originals_20260516.zip,model_setup/bethesda_slate/rf9623a/turnvols.in.z,30243,e770351ff4d14caf35f0ffcd1c3d9f5bbece4c3a467e01dcbbbce2be4389adca,partial,data/decoded_model_outputs/rf9623a/turnvols.in,"stage 1 unix_pack_static_huffman: partial: pack length mismatch: expected 77728, got 77556"
model_setup/bethesda_slate/rf9624a/d231.in.Z-A,data/legacy_encoded_originals/legacy_encoded_originals_20260516.zip,model_setup/bethesda_slate/rf9624a/d231.in.Z-A,48656,30c9522ef675bd31076e1b7c4d1b5a33594e971657cfd01dd91a03b9358cb281,partial,data/decoded_model_outputs/rf9624a/d231.in,stage 1 unix_compress_lzw: partial: compress invalid code 3490 with table end 2733
model_setup/bethesda_slate/rf9624a/d231.in.z,data/legacy_encoded_originals/legacy_encoded_originals_20260516.zip,model_setup/bethesda_slate/rf9624a/d231.in.z,72695,58897afadc127cceb02b7b42e4fe96dd801095e86e438b25a9850658fae6ab55,failed,,stage 1 unix_pack_static_huffman: failed: too many leaves in pack Huffman tree
model_setup/bethesda_slate/rf9624a/d231.out.Z-A,data/legacy_encoded_originals/legacy_encoded_originals_20260516.zip,model_setup/bethesda_slate/rf9624a/d231.out.Z-A,47057,f1914787396a4d7f38fc0ff5347a6d803da49d917d2a8b61ecdb344be2a327d9,partial,data/decoded_model_outputs/rf9624a/d231.out,stage 1 unix_compress_lzw: partial: compress invalid code 893 with table end 824
model_setup/bethesda_slate/rf9624a/d231.out.z,data/legacy_encoded_originals/legacy_encoded_originals_20260516.zip,model_setup/bethesda_slate/rf9624a/d231.out.z,68014,0034039f7efb73e995d2e8a86da77abce61f2ed5b18bf314b3ef7f93554f6966,partial,data/decoded_model_outputs/rf9624a/d231.out,"stage 1 unix_pack_static_huffman: partial: pack length mismatch: expected 165942, got 53918"
model_setup/bethesda_slate/rf9624a/plt.vcr9624.Z,data/legacy_encoded_originals/legacy_encoded_originals_20260516.zip,model_setup/bethesda_slate/rf9624a/plt.vcr9624.Z,508571,cb69985275619e5ef99e18b11adbf374d464cd44e50aa4c8d92aa210e90e6105,partial,data/decoded_model_outputs/rf9624a/plt.vcr9624,stage 1 unix_compress_lzw: partial: compress invalid code 446 with table end 354
model_setup/bethesda_slate/rf9624a/rep.521dd.z,data/legacy_encoded_originals/legacy_encoded_originals_20260516.zip,model_setup/bethesda_slate/rf9624a/rep.521dd.z,16277,9274498d12c0d81c06b41e628de3361fc3bb1973a959526be31cf0a9e7045d5a,partial,data/decoded_model_outputs/rf9624a/rep.521dd,"stage 1 unix_pack_static_huffman: partial: pack exceeded expected length before EOB: expected 29310, got 29311"
model_setup/bethesda_slate/rf9624a/rep.611.z,data/legacy_encoded_originals/legacy_encoded_originals_20260516.zip,model_setup/bethesda_slate/rf9624a/rep.611.z,178181,ad9fb812271f134a985471c046e8e369b4d64c3bccc3d2e3125f7d80c55caf0e,partial,data/decoded_model_outputs/rf9624a/rep.611,"stage 1 unix_pack_static_huffman: partial: pack exceeded expected length before EOB: expected 417912, got 417913"
model_setup/bethesda_slate/rf9624a/rep.critical.z,data/legacy_encoded_originals/legacy_encoded_originals_20260516.zip,model_setup/bethesda_slate/rf9624a/rep.critical.z,8134,07114f5e95d7725f65a22467410f5580a7e7564a4f50867d5c08ba0829d2122b,failed,,stage 1 unix_pack_static_huffman: failed: too many leaves in pack Huffman tree
model_setup/bethesda_slate/rf9624a/rep.sigstat.z,data/legacy_encoded_originals/legacy_encoded_originals_20260516.zip,model_setup/bethesda_slate/rf9624a/rep.sigstat.z,121869,8fce5d48b73bc7c8cede6b1bfcef9b79757c8620a4bbb87e1c5802b744d8498f,partial,data/decoded_model_outputs/rf9624a/rep.sigstat,"stage 1 unix_pack_static_huffman: partial: pack exceeded expected length before EOB: expected 272208, got 272209"
model_setup/bethesda_slate/rf9624a/rep.sumtime1.z,data/legacy_encoded_originals/legacy_encoded_originals_20260516.zip,model_setup/bethesda_slate/rf9624a/rep.sumtime1.z,733,c6aa5381ba1c506dd0ded47fba3fab08121d0a33786c246b05a2d1848c39bcfb,failed,,stage 1 unix_pack_static_huffman: failed: too many leaves in pack Huffman tree
model_setup/bethesda_slate/rf9624a/rep.turnpen.Z,data/legacy_encoded_originals/legacy_encoded_originals_20260516.zip,model_setup/bethesda_slate/rf9624a/rep.turnpen.Z,286,b285437151cb5f71b166ddaf1d6a581156cfab676256cb0fe837966b14d14cb0,complete,data/decoded_model_outputs/rf9624a/rep.turnpen,stage 1 unix_compress_lzw: complete: compress stream reached clean input exhaustion; no original length field exists | stage 2 unknown: terminal_plain_or_unknown: no further pack/compress magic detected
model_setup/bethesda_slate/rf9624a/rep.turnvols.z,data/legacy_encoded_originals/legacy_encoded_originals_20260516.zip,model_setup/bethesda_slate/rf9624a/rep.turnvols.z,5725,b6682f7e7c4e70773a9b2ff95afe1b17ad4a93987ee3c6dd3f9faa2272a438f7,failed,,stage 1 unix_pack_static_huffman: failed: too many leaves in pack Huffman tree
model_setup/bethesda_slate/rf9624a/statistics.z,data/legacy_encoded_originals/legacy_encoded_originals_20260516.zip,model_setup/bethesda_slate/rf9624a/statistics.z,781,2d4faba9c178a6d3c563b4bf183ccb58e394756294bcfcbcd9dd905d7fe0f9bc,complete,data/decoded_model_outputs/rf9624a/statistics,stage 1 unix_pack_static_huffman: complete: pack EOB reached and expected length matched | stage 2 unknown: terminal_plain_or_unknown: no further pack/compress magic detected
model_setup/bethesda_slate/rf9624a/turnvols.in.z,data/legacy_encoded_originals/legacy_encoded_originals_20260516.zip,model_setup/bethesda_slate/rf9624a/turnvols.in.z,30287,2ce5563c015f096d045012ac13a2634b4ecbe2187cdedda1fc27c5b7d1f1db99,partial,data/decoded_model_outputs/rf9624a/turnvols.in,"stage 1 unix_pack_static_huffman: partial: pack length mismatch: expected 77812, got 56083"
code/legacy/model_setup/bethesda_slate/rf9628a/d231.in.z,data/legacy_encoded_originals/legacy_encoded_originals_20260516.zip,code/legacy/model_setup/bethesda_slate/rf9628a/d231.in.z,72851,2cb66c00235adb5a534be1b0e46749a171f29e5fe80eb136b5c163326e4aeda2,failed,,stage 1 unix_pack_static_huffman: failed: too many leaves in pack Huffman tree
model_setup/bethesda_slate/rf9628a/d231.out.Z-A,data/legacy_encoded_originals/legacy_encoded_originals_20260516.zip,model_setup/bethesda_slate/rf9628a/d231.out.Z-A,46781,470db2a5295fc1928321a29d5ee3d571435f6e9e35e1ec09fd85a00a787fda93,partial,data/decoded_model_outputs/rf9628a/d231.out,stage 1 unix_compress_lzw: partial: compress invalid code 525 with table end 523
model_setup/bethesda_slate/rf9628a/d231.out.z,data/legacy_encoded_originals/legacy_encoded_originals_20260516.zip,model_setup/bethesda_slate/rf9628a/d231.out.z,67948,f849a9cc2f9dfb243726cb3760798d2426a01b58e4ce4920d3f39653f0991201,partial,data/decoded_model_outputs/rf9628a/d231.out,"stage 1 unix_pack_static_huffman: partial: pack length mismatch: expected 165942, got 33004"
code/legacy/model_setup/bethesda_slate/rf9628a/plt.vcr9628.Z,data/legacy_encoded_originals/legacy_encoded_originals_20260516.zip,code/legacy/model_setup/bethesda_slate/rf9628a/plt.vcr9628.Z,501583,2a4e57ad06e9d7e2b3bc560b5c2e40077fe043167861525df7f100ba251f221e,partial,data/decoded_model_outputs/rf9628a/plt.vcr9628,stage 1 unix_compress_lzw: partial: compress invalid code 446 with table end 354
model_setup/bethesda_slate/rf9628a/rep.521dd.z,data/legacy_encoded_originals/legacy_encoded_originals_20260516.zip,model_setup/bethesda_slate/rf9628a/rep.521dd.z,16138,82ff15df4ffc1f0ce1de270fcaeafa067a47d280f98900e05b0c82dfab5d6a6e,failed,,stage 1 unix_pack_static_huffman: failed: too many leaves in pack Huffman tree
model_setup/bethesda_slate/rf9628a/rep.611.z,data/legacy_encoded_originals/legacy_encoded_originals_20260516.zip,model_setup/bethesda_slate/rf9628a/rep.611.z,177777,ea3c383449d29e36827a7dace2606d66614ccfb2d0cbc6ca0d2a0b21cc989831,partial,data/decoded_model_outputs/rf9628a/rep.611,"stage 1 unix_pack_static_huffman: partial: pack exceeded expected length before EOB: expected 417404, got 417405"
model_setup/bethesda_slate/rf9628a/rep.critical.z,data/legacy_encoded_originals/legacy_encoded_originals_20260516.zip,model_setup/bethesda_slate/rf9628a/rep.critical.z,8124,e17369cf8b9819caa525691db46275bf0114821519a6a19f16097d4029b48f92,partial,data/decoded_model_outputs/rf9628a/rep.critical,"stage 1 unix_pack_static_huffman: partial: pack exceeded expected length before EOB: expected 24518, got 24519"
model_setup/bethesda_slate/rf9628a/rep.sigstat.z,data/legacy_encoded_originals/legacy_encoded_originals_20260516.zip,model_setup/bethesda_slate/rf9628a/rep.sigstat.z,121884,7db1f061ba67c1528908173afd3f8ae59ac801c59447fe4a1fdcab12093376c1,partial,data/decoded_model_outputs/rf9628a/rep.sigstat,"stage 1 unix_pack_static_huffman: partial: pack exceeded expected length before EOB: expected 272208, got 272209"
model_setup/bethesda_slate/rf9628a/rep.sumtime1.z,data/legacy_encoded_originals/legacy_encoded_originals_20260516.zip,model_setup/bethesda_slate/rf9628a/rep.sumtime1.z,734,d50015780c77ab5964a39b15f2ae98c0764967e39afb63cca1cda3440ede96a7,failed,,stage 1 unix_pack_static_huffman: failed: too many leaves in pack Huffman tree
model_setup/bethesda_slate/rf9628a/rep.turnpen.Z,data/legacy_encoded_originals/legacy_encoded_originals_20260516.zip,model_setup/bethesda_slate/rf9628a/rep.turnpen.Z,558,dfc3fca3b82191b08180dbd46f9e9242ad8db772485eb4c038cdb6773b8cb32a,complete,data/decoded_model_outputs/rf9628a/rep.turnpen,stage 1 unix_compress_lzw: complete: compress stream reached clean input exhaustion; no original length field exists | stage 2 unknown: terminal_plain_or_unknown: no further pack/compress magic detected
model_setup/bethesda_slate/rf9628a/rep.turnvols.Z,data/legacy_encoded_originals/legacy_encoded_originals_20260516.zip,model_setup/bethesda_slate/rf9628a/rep.turnvols.Z,5224,97b13b0a2f12aaa568f9c88d9ebd5fc1d3bcf4ea553b5d824686dc41cf479a88,partial,data/decoded_model_outputs/rf9628a/rep.turnvols,stage 1 unix_compress_lzw: partial: compress invalid code 259 with table end 257
model_setup/bethesda_slate/rf9628a/statistics.z,data/legacy_encoded_originals/legacy_encoded_originals_20260516.zip,model_setup/bethesda_slate/rf9628a/statistics.z,781,c0d11af38a95e5aa43795be662a351f0fdff20824434e26a9bb015e5a0796f81,failed,,stage 1 unix_pack_static_huffman: failed: too many leaves in pack Huffman tree
model_setup/bethesda_slate/rf9628a/turnvols.in.z,data/legacy_encoded_originals/legacy_encoded_originals_20260516.zip,model_setup/bethesda_slate/rf9628a/turnvols.in.z,11430,834a613399656e80fd090ddd40f5348cbf4635c7bf6e33cb2f1fb2e2420e595b,partial,data/decoded_model_outputs/rf9628a/turnvols.in,"stage 1 unix_pack_static_huffman: partial: pack length mismatch: expected 29176, got 10541"
model_setup/bethesda_slate/rf9629a/d231.in.z,data/legacy_encoded_originals/legacy_encoded_originals_20260516.zip,model_setup/bethesda_slate/rf9629a/d231.in.z,72790,747614150ce967a0150f7d9c23d302b863aeab7722a345c14650d23e4b5430b2,failed,,stage 1 unix_pack_static_huffman: failed: too many leaves in pack Huffman tree
model_setup/bethesda_slate/rf9629a/d231.out.Z-A,data/legacy_encoded_originals/legacy_encoded_originals_20260516.zip,model_setup/bethesda_slate/rf9629a/d231.out.Z-A,46502,ff06892b0fd3548568f22738144b6046db1845bada43e3e0cd173fec56939fe8,partial,data/decoded_model_outputs/rf9629a/d231.out,stage 1 unix_compress_lzw: partial: compress invalid code 1474 with table end 1295
model_setup/bethesda_slate/rf9629a/d231.out.z,data/legacy_encoded_originals/legacy_encoded_originals_20260516.zip,model_setup/bethesda_slate/rf9629a/d231.out.z,67864,e2763112488564f6f96b8a8703abb2934abf98ae92bda7bc2a886e0c039adad0,partial,data/decoded_model_outputs/rf9629a/d231.out,"stage 1 unix_pack_static_huffman: partial: pack length mismatch: expected 165942, got 18394"
code/legacy/model_setup/bethesda_slate/rf9629a/plt.vcr9629.Z,data/legacy_encoded_originals/legacy_encoded_originals_20260516.zip,code/legacy/model_setup/bethesda_slate/rf9629a/plt.vcr9629.Z,498949,894025d7dc3f38752cd704c18c51d2cbb3fdf3b00cfa64b40551e57860efb19b,partial,data/decoded_model_outputs/rf9629a/plt.vcr9629,stage 1 unix_compress_lzw: partial: compress invalid code 446 with table end 354
model_setup/bethesda_slate/rf9629a/rep.521dd.z,data/legacy_encoded_originals/legacy_encoded_originals_20260516.zip,model_setup/bethesda_slate/rf9629a/rep.521dd.z,16054,d7378eda4fd114d5e61d2a73893227231230f6ae7ae76c9eada69276465cbd92,failed,,stage 1 unix_pack_static_huffman: failed: too many leaves in pack Huffman tree
model_setup/bethesda_slate/rf9629a/rep.611.z,data/legacy_encoded_originals/legacy_encoded_originals_20260516.zip,model_setup/bethesda_slate/rf9629a/rep.611.z,177743,b7b50cf53c35753fb582c23b2b1a602027bea1e1615a3afac8b79ceb28c207d8,partial,data/decoded_model_outputs/rf9629a/rep.611,"stage 1 unix_pack_static_huffman: partial: pack exceeded expected length before EOB: expected 417251, got 417252"
model_setup/bethesda_slate/rf9629a/rep.critical.z,data/legacy_encoded_originals/legacy_encoded_originals_20260516.zip,model_setup/bethesda_slate/rf9629a/rep.critical.z,8123,8f55faff39cd904d393e2b4efac05015392cd77d7f1a8dc79657de927034cbe3,partial,data/decoded_model_outputs/rf9629a/rep.critical,"stage 1 unix_pack_static_huffman: partial: pack exceeded expected length before EOB: expected 24518, got 24519"
model_setup/bethesda_slate/rf9629a/rep.sigstat.z,data/legacy_encoded_originals/legacy_encoded_originals_20260516.zip,model_setup/bethesda_slate/rf9629a/rep.sigstat.z,121845,67a7c047f35b5da8e779be17f37b8d27e859b2846de671756c9190bc6af5fcc2,partial,data/decoded_model_outputs/rf9629a/rep.sigstat,"stage 1 unix_pack_static_huffman: partial: pack exceeded expected length before EOB: expected 272208, got 272209"
model_setup/bethesda_slate/rf9629a/rep.sumtime1.z,data/legacy_encoded_originals/legacy_encoded_originals_20260516.zip,model_setup/bethesda_slate/rf9629a/rep.sumtime1.z,734,277a5abada420fb876ca80af155dbc70af25f21c672f3ca0ddee422b89c4587a,failed,,stage 1 unix_pack_static_huffman: failed: too many leaves in pack Huffman tree
model_setup/bethesda_slate/rf9629a/rep.turnpen.Z,data/legacy_encoded_originals/legacy_encoded_originals_20260516.zip,model_setup/bethesda_slate/rf9629a/rep.turnpen.Z,550,598b33b1874f64ef557e8fecaf973a816b5fe045b721068e36317f561b6a2d1d,complete,data/decoded_model_outputs/rf9629a/rep.turnpen,stage 1 unix_compress_lzw: complete: compress stream reached clean input exhaustion; no original length field exists | stage 2 unknown: terminal_plain_or_unknown: no further pack/compress magic detected
model_setup/bethesda_slate/rf9629a/rep.turnvols.z,data/legacy_encoded_originals/legacy_encoded_originals_20260516.zip,model_setup/bethesda_slate/rf9629a/rep.turnvols.z,5702,d5dbfea6b31992effd89610b454afe002542c07f39ed48b8285530954fbea720,failed,,stage 1 unix_pack_static_huffman: failed: too many leaves in pack Huffman tree
model_setup/bethesda_slate/rf9629a/turnvols.in.z,data/legacy_encoded_originals/legacy_encoded_originals_20260516.zip,model_setup/bethesda_slate/rf9629a/turnvols.in.z,30252,d0a21cfdbd8f15831675cc71cc6d9b0274f6b6b286282cdee869dd41ed92c9cb,partial,data/decoded_model_outputs/rf9629a/turnvols.in,"stage 1 unix_pack_static_huffman: partial: pack length mismatch: expected 77728, got 77549"
